startBlock,endblock,minIncr,txCount,userCount,buys,sells
18172866,18172891,5,41,26,40,1
18172892,18172917,5,130,78,109,20
18172918,18172943,5,193,84,135,57
18172944,18172969,5,135,80,80,49
18172970,18172995,5,194,139,125,56
18172996,18173021,5,279,217,188,81
18173022,18173047,5,334,255,224,100
18173048,18173073,5,275,220,177,87
18173074,18173099,5,382,303,246,119
18173100,18173125,5,224,187,128,91
18173126,18173151,5,200,176,117,69
18173152,18173177,5,269,223,150,91
18173178,18173203,5,245,192,137,94
18173204,18173229,5,274,230,155,98
18173230,18173255,5,178,161,101,71
18173256,18173281,5,221,189,125,81
18173282,18173307,5,164,134,87,60
18173308,18173333,5,147,123,88,39
18173334,18173359,5,125,105,58,52
18173360,18173385,5,175,134,88,49
18173386,18173411,5,112,88,52,39
18173412,18173437,5,155,107,76,43
18173438,18173463,5,95,83,46,30
18173464,18173489,5,101,81,35,37
18173490,18173515,5,132,95,70,45
18173516,18173541,5,141,112,71,40
18173542,18173567,5,101,68,46,37
18173568,18173593,5,70,59,34,15
18173594,18173619,5,134,95,66,44
18173620,18173645,5,90,62,38,33
18173646,18173671,5,127,85,61,41
18173672,18173697,5,140,98,70,46
18173698,18173723,5,149,94,61,37
18173724,18173749,5,106,71,39,35
18173750,18173775,5,109,79,49,34
18173776,18173801,5,156,106,56,42
18173802,18173827,5,136,96,64,42
18173828,18173853,5,110,81,46,35
18173854,18173879,5,72,52,31,24
18173880,18173905,5,97,63,34,29
18173906,18173931,5,76,58,35,21
18173932,18173957,5,62,55,27,17
18173958,18173983,5,103,67,52,32
18173984,18174009,5,78,58,37,28
18174010,18174035,5,105,79,43,30
18174036,18174061,5,105,75,43,22
18174062,18174087,5,80,59,29,24
18174088,18174113,5,58,42,18,14
18174114,18174139,5,45,39,18,14
18174140,18174165,5,31,22,11,9
18174166,18174191,5,39,30,16,10
18174192,18174217,5,49,39,19,21
18174218,18174243,5,73,51,35,22
18174244,18174269,5,49,34,20,15
18174270,18174295,5,117,86,43,39
18174296,18174321,5,116,87,49,33
18174322,18174347,5,79,65,35,28
18174348,18174373,5,102,70,33,31
18174374,18174399,5,80,60,37,20
18174400,18174425,5,61,50,28,10
18174426,18174451,5,61,52,21,19
18174452,18174477,5,50,45,19,19
18174478,18174503,5,36,34,14,12
18174504,18174529,5,65,46,18,13
18174530,18174555,5,77,47,29,10
18174556,18174581,5,51,37,29,12
18174582,18174607,5,30,27,15,11
18174608,18174633,5,37,36,10,15
18174634,18174659,5,63,58,21,20
18174660,18174685,5,48,44,22,17
18174686,18174711,5,63,52,23,25
18174712,18174737,5,49,42,15,20
18174738,18174763,5,44,38,15,10
18174764,18174789,5,23,23,14,5
18174790,18174815,5,31,29,16,9
18174816,18174841,5,33,31,13,7
18174842,18174867,5,65,58,21,15
18174868,18174893,5,115,85,48,33
18174894,18174919,5,98,80,47,28
18174920,18174945,5,66,59,28,19
18174946,18174971,5,64,56,28,17
18174972,18174997,5,85,69,45,21
18174998,18175023,5,67,62,30,17
18175024,18175049,5,58,46,28,16
18175050,18175075,5,50,38,23,15
18175076,18175101,5,52,43,21,16
18175102,18175127,5,46,41,19,15
18175128,18175153,5,59,46,23,20
18175154,18175179,5,30,27,16,4
18175180,18175205,5,21,23,14,3
18175206,18175231,5,35,26,13,14
18175232,18175257,5,20,18,12,5
18175258,18175283,5,43,38,23,11
18175284,18175309,5,35,31,12,6
18175310,18175335,5,27,27,15,8
18175336,18175361,5,38,33,15,9
18175362,18175387,5,36,38,16,11
18175388,18175413,5,15,18,9,3
18175414,18175439,5,26,26,12,6
18175440,18175465,5,64,47,25,21
18175466,18175491,5,51,31,15,17
18175492,18175517,5,16,18,8,3
18175518,18175543,5,13,14,7,2
18175544,18175569,5,49,30,19,16
18175570,18175595,5,41,35,11,14
18175596,18175621,5,21,22,10,3
18175622,18175647,5,39,36,15,15
18175648,18175673,5,34,33,13,10
18175674,18175699,5,20,20,9,5
18175700,18175725,5,27,25,13,9
18175726,18175751,5,26,26,7,9
18175752,18175777,5,14,16,7,4
18175778,18175803,5,16,14,4,7
18175804,18175829,5,16,15,10,3
18175830,18175855,5,13,12,4,8
18175856,18175881,5,32,30,13,9
18175882,18175907,5,28,26,14,6
18175908,18175933,5,26,22,10,9
18175934,18175959,5,11,12,4,6
18175960,18175985,5,8,8,3,3
18175986,18176011,5,19,15,9,7
18176012,18176037,5,25,20,16,7
18176038,18176063,5,28,23,12,13
18176064,18176089,5,38,30,12,15
18176090,18176115,5,22,24,6,8
18176116,18176141,5,11,13,6,3
18176142,18176167,5,14,14,5,6
18176168,18176193,5,25,22,10,10
18176194,18176219,5,29,28,15,8
18176220,18176245,5,50,49,22,16
18176246,18176271,5,50,48,19,20
18176272,18176297,5,34,32,17,11
18176298,18176323,5,23,22,12,6
18176324,18176349,5,31,30,15,7
18176350,18176375,5,23,24,10,7
18176376,18176401,5,24,22,8,10
18176402,18176427,5,21,21,8,9
18176428,18176453,5,21,19,9,10
18176454,18176479,5,13,12,5,5
18176480,18176505,5,35,28,14,12
18176506,18176531,5,26,23,10,13
18176532,18176557,5,19,19,6,3
18176558,18176583,5,24,20,11,6
18176584,18176609,5,26,21,11,8
18176610,18176635,5,24,16,11,7
18176636,18176661,5,22,20,9,7
18176662,18176687,5,17,16,7,7
18176688,18176713,5,21,15,8,4
18176714,18176739,5,12,12,6,1
18176740,18176765,5,24,20,8,6
18176766,18176791,5,13,15,5,2
18176792,18176817,5,37,35,15,9
18176818,18176843,5,52,40,23,13
18176844,18176869,5,46,35,17,18
18176870,18176895,5,43,32,14,15
18176896,18176921,5,57,44,20,21
18176922,18176947,5,30,31,17,5
18176948,18176973,5,30,30,12,7
18176974,18176999,5,30,32,7,11
18177000,18177025,5,15,16,5,4
18177026,18177051,5,21,22,5,7
18177052,18177077,5,18,15,5,10
18177078,18177103,5,12,15,4,3
18177104,18177129,5,26,28,8,9
18177130,18177155,5,8,11,2,2
18177156,18177181,5,15,11,2,7
18177182,18177207,5,13,16,6,4
18177208,18177233,5,20,17,5,12
18177234,18177259,5,32,29,13,10
18177260,18177285,5,27,23,14,8
18177286,18177311,5,23,29,8,3
18177312,18177337,5,44,39,16,9
18177338,18177363,5,46,48,13,4
18177364,18177389,5,62,62,21,17
18177390,18177415,5,34,27,18,10
18177416,18177441,5,36,40,12,8
18177442,18177467,5,23,25,10,7
18177468,18177493,5,35,21,14,11
18177494,18177519,5,17,20,7,6
18177520,18177545,5,16,18,4,6
18177546,18177571,5,21,21,9,7
18177572,18177597,5,26,24,7,16
18177598,18177623,5,18,18,8,6
18177624,18177649,5,13,14,7,4
18177650,18177675,5,7,8,4,0
18177676,18177701,5,25,19,10,12
18177702,18177727,5,33,33,12,6
18177728,18177753,5,24,22,9,8
18177754,18177779,5,18,22,8,4
18177780,18177805,5,24,25,11,8
18177806,18177831,5,31,30,15,9
18177832,18177857,5,49,43,22,15
18177858,18177883,5,31,31,16,8
18177884,18177909,5,30,27,12,15
18177910,18177935,5,44,37,24,11
18177936,18177961,5,40,38,19,11
18177962,18177987,5,19,21,5,7
18177988,18178013,5,8,9,4,3
18178014,18178039,5,11,11,4,4
18178040,18178065,5,88,55,41,25
18178066,18178091,5,46,38,22,19
18178092,18178117,5,25,26,11,7
18178118,18178143,5,23,21,9,7
18178144,18178169,5,23,19,8,8
18178170,18178195,5,22,26,13,3
18178196,18178221,5,15,16,5,7
18178222,18178247,5,16,19,6,6
18178248,18178273,5,7,8,3,3
18178274,18178299,5,22,26,10,4
18178300,18178325,5,21,21,11,6
18178326,18178351,5,28,33,14,8
18178352,18178377,5,31,33,16,12
18178378,18178403,5,39,43,18,11
18178404,18178429,5,27,25,10,12
18178430,18178455,5,16,22,5,3
18178456,18178481,5,16,14,8,8
18178482,18178507,5,15,17,9,4
18178508,18178533,5,17,19,6,8
18178534,18178559,5,23,23,11,10
18178560,18178585,5,49,37,19,19
18178586,18178611,5,46,41,18,19
18178612,18178637,5,92,81,48,27
18178638,18178663,5,46,47,25,17
18178664,18178689,5,38,30,12,17
18178690,18178715,5,81,69,40,30
18178716,18178741,5,66,58,28,27
18178742,18178767,5,25,30,10,8
18178768,18178793,5,25,26,12,8
18178794,18178819,5,19,17,9,7
18178820,18178845,5,24,18,8,12
18178846,18178871,5,29,23,13,14
18178872,18178897,5,15,15,4,10
18178898,18178923,5,11,11,6,4
18178924,18178949,5,6,6,3,3
18178950,18178975,5,14,16,6,3
18178976,18179001,5,12,12,4,2
18179002,18179027,5,29,21,11,14
18179028,18179053,5,40,34,16,20
18179054,18179079,5,16,17,7,8
18179080,18179105,5,33,30,16,15
18179106,18179131,5,37,37,21,12
18179132,18179157,5,35,27,16,17
18179158,18179183,5,80,72,40,32
18179184,18179209,5,46,49,26,14
18179210,18179235,5,51,49,27,17
18179236,18179261,5,42,42,20,15
18179262,18179287,5,18,19,8,7
18179288,18179313,5,29,26,8,16
18179314,18179339,5,57,49,22,29
18179340,18179365,5,59,50,29,26
18179366,18179391,5,68,58,35,23
18179392,18179417,5,33,31,20,10
18179418,18179443,5,35,35,22,12
18179444,18179469,5,11,11,7,0
18179470,18179495,5,26,26,14,8
18179496,18179521,5,23,24,13,8
18179522,18179547,5,41,38,22,10
18179548,18179573,5,28,25,17,8
18179574,18179599,5,40,34,20,13
18179600,18179625,5,28,22,12,9
18179626,18179651,5,22,21,10,7
18179652,18179677,5,20,19,8,9
18179678,18179703,5,20,19,10,10
18179704,18179729,5,14,13,4,9
18179730,18179755,5,22,24,10,8
18179756,18179781,5,8,8,5,3
18179782,18179807,5,22,20,11,10
18179808,18179833,5,22,19,14,8
18179834,18179859,5,32,25,16,12
18179860,18179885,5,28,27,14,11
18179886,18179911,5,17,18,8,5
18179912,18179937,5,19,16,12,6
18179938,18179963,5,7,7,6,0
18179964,18179989,5,17,18,12,3
18179990,18180015,5,15,15,6,9
18180016,18180041,5,24,27,11,6
18180042,18180067,5,10,12,7,1
18180068,18180093,5,46,35,24,14
18180094,18180119,5,31,28,14,11
18180120,18180145,5,51,41,23,19
18180146,18180171,5,49,38,18,18
18180172,18180197,5,48,41,18,17
18180198,18180223,5,41,36,20,13
18180224,18180249,5,57,44,27,19
18180250,18180275,5,50,42,24,17
18180276,18180301,5,37,35,17,12
18180302,18180327,5,20,22,6,9
18180328,18180353,5,9,11,4,1
18180354,18180379,5,21,19,9,10
18180380,18180405,5,9,11,3,3
18180406,18180431,5,39,37,15,15
18180432,18180457,5,26,22,13,7
18180458,18180483,5,17,16,10,3
18180484,18180509,5,14,15,7,5
18180510,18180535,5,23,24,10,8
18180536,18180561,5,13,12,5,5
18180562,18180587,5,33,23,11,12
18180588,18180613,5,33,32,11,13
18180614,18180639,5,31,28,11,8
18180640,18180665,5,17,18,6,8
18180666,18180691,5,30,24,7,12
18180692,18180717,5,28,30,11,11
18180718,18180743,5,33,31,9,10
18180744,18180769,5,19,18,6,5
18180770,18180795,5,12,13,6,5
18180796,18180821,5,19,19,10,5
18180822,18180847,5,11,16,3,1
18180848,18180873,5,19,17,6,11
18180874,18180899,5,19,20,10,5
18180900,18180925,5,20,20,8,7
18180926,18180951,5,15,16,6,7
18180952,18180977,5,33,24,15,15
18180978,18181003,5,12,13,4,5
18181004,18181029,5,22,20,10,4
18181030,18181055,5,20,20,10,4
18181056,18181081,5,19,23,9,5
18181082,18181107,5,3,3,1,2
18181108,18181133,5,13,12,5,7
18181134,18181159,5,15,16,6,6
18181160,18181185,5,39,28,17,14
18181186,18181211,5,6,6,3,3
18181212,18181237,5,26,17,12,8
18181238,18181263,5,21,20,6,10
18181264,18181289,5,17,14,7,5
18181290,18181315,5,12,11,7,4
18181316,18181341,5,18,18,9,6
18181342,18181367,5,21,18,9,5
18181368,18181393,5,15,13,5,6
18181394,18181419,5,10,11,5,2
18181420,18181445,5,14,12,5,4
18181446,18181471,5,16,17,8,5
18181472,18181497,5,20,20,8,9
18181498,18181523,5,25,20,13,11
18181524,18181549,5,14,13,6,4
18181550,18181575,5,15,11,9,5
18181576,18181601,5,11,13,5,3
18181602,18181627,5,11,13,5,4
18181628,18181653,5,13,13,6,5
18181654,18181679,5,22,25,11,5
18181680,18181705,5,11,10,6,5
18181706,18181731,5,27,25,9,9
18181732,18181757,5,20,17,8,8
18181758,18181783,5,10,13,6,0
18181784,18181809,5,7,8,2,3
18181810,18181835,5,5,5,3,2
18181836,18181861,5,9,8,5,4
18181862,18181887,5,24,21,8,11
18181888,18181913,5,18,17,8,7
18181914,18181939,5,5,5,3,1
18181940,18181965,5,14,10,8,5
18181966,18181991,5,21,16,10,9
18181992,18182017,5,7,8,2,2
18182018,18182043,5,9,10,1,4
18182044,18182069,5,18,18,10,5
18182070,18182095,5,9,10,4,1
18182096,18182121,5,11,11,5,0
18182122,18182147,5,19,21,8,6
18182148,18182173,5,3,3,2,1
18182174,18182199,5,11,11,3,7
18182200,18182225,5,7,7,4,3
18182226,18182251,5,6,7,3,2
18182252,18182277,5,6,6,5,0
18182278,18182303,5,1,1,0,1
18182304,18182329,5,1,1,1,0
18182330,18182355,5,18,9,7,5
18182356,18182381,5,6,6,2,3
18182382,18182407,5,8,8,4,3
18182408,18182433,5,10,11,6,2
18182434,18182459,5,17,17,8,6
18182460,18182485,5,11,10,4,4
18182486,18182511,5,19,21,10,2
18182512,18182537,5,11,10,4,4
18182538,18182563,5,12,10,9,3
18182564,18182589,5,21,19,7,6
18182590,18182615,5,19,18,9,4
18182616,18182641,5,12,12,8,3
18182642,18182667,5,26,20,12,5
18182668,18182693,5,33,26,13,10
18182694,18182719,5,23,22,8,6
18182720,18182745,5,13,13,4,4
18182746,18182771,5,13,13,8,2
18182772,18182797,5,20,18,6,10
18182798,18182823,5,15,13,6,4
18182824,18182849,5,6,6,3,3
18182850,18182875,5,3,4,1,1
18182876,18182901,5,14,14,4,6
18182902,18182927,5,12,14,3,4
18182928,18182953,5,13,14,7,4
18182954,18182979,5,18,19,4,9
18182980,18183005,5,9,10,2,4
18183006,18183031,5,7,7,2,5
18183032,18183057,5,22,25,11,5
18183058,18183083,5,9,12,3,3
18183084,18183109,5,4,4,2,2
18183110,18183135,5,5,6,2,2
18183136,18183161,5,2,2,0,2
18183162,18183187,5,7,8,4,2
18183188,18183213,5,1,1,0,1
18183214,18183239,5,12,15,4,3
18183240,18183265,5,3,4,0,1
18183266,18183291,5,5,5,1,4
18183292,18183317,5,5,7,3,0
18183318,18183343,5,4,5,2,0
18183344,18183369,5,15,14,5,7
18183370,18183395,5,11,13,4,5
18183396,18183421,5,12,12,6,5
18183422,18183447,5,4,4,3,1
18183448,18183473,5,7,9,0,3
18183474,18183499,5,17,12,11,6
18183500,18183525,5,4,5,2,1
18183526,18183551,5,2,2,2,0
18183552,18183577,5,5,6,2,2
18183578,18183603,5,8,8,5,3
18183604,18183629,5,14,14,4,2
18183630,18183655,5,12,11,5,4
18183656,18183681,5,13,14,7,3
18183682,18183707,5,17,16,6,7
18183708,18183733,5,26,18,13,7
18183734,18183759,5,25,17,12,5
18183760,18183785,5,19,17,12,4
18183786,18183811,5,23,18,6,6
18183812,18183837,5,22,21,15,4
18183838,18183863,5,18,15,8,8
18183864,18183889,5,16,17,8,4
18183890,18183915,5,9,10,4,2
18183916,18183941,5,16,16,8,2
18183942,18183967,5,17,14,9,5
18183968,18183993,5,10,10,3,4
18183994,18184019,5,15,16,5,7
18184020,18184045,5,7,8,5,1
18184046,18184071,5,23,16,10,9
18184072,18184097,5,12,11,7,3
18184098,18184123,5,9,11,6,0
18184124,18184149,5,15,17,7,1
18184150,18184175,5,22,20,8,11
18184176,18184201,5,17,13,8,6
18184202,18184227,5,20,19,8,6
18184228,18184253,5,9,11,4,3
18184254,18184279,5,16,22,5,4
18184280,18184305,5,9,10,3,4
18184306,18184331,5,14,16,8,4
18184332,18184357,5,3,4,2,0
18184358,18184383,5,19,14,9,8
18184384,18184409,5,17,15,9,5
18184410,18184435,5,17,17,6,8
18184436,18184461,5,13,15,7,4
18184462,18184487,5,11,10,6,3
18184488,18184513,5,21,22,8,7
18184514,18184539,5,17,17,6,8
18184540,18184565,5,24,26,14,5
18184566,18184591,5,22,23,8,5
18184592,18184617,5,4,4,4,0
18184618,18184643,5,10,10,8,2
18184644,18184669,5,19,20,11,3
18184670,18184695,5,7,6,4,2
18184696,18184721,5,6,7,2,3
18184722,18184747,5,30,24,16,12
18184748,18184773,5,14,14,9,5
18184774,18184799,5,4,3,4,0
18184800,18184825,5,28,22,12,13
18184826,18184851,5,13,13,5,5
18184852,18184877,5,11,12,5,5
18184878,18184903,5,37,32,14,13
18184904,18184929,5,15,15,5,8
18184930,18184955,5,19,19,8,9
18184956,18184981,5,17,14,8,8
18184982,18185007,5,16,16,7,7
18185008,18185033,5,17,20,7,4
18185034,18185059,5,4,5,1,2
18185060,18185085,5,30,24,12,10
18185086,18185111,5,13,16,4,5
18185112,18185137,5,9,10,3,5
18185138,18185163,5,11,10,3,6
18185164,18185189,5,16,21,7,1
18185190,18185215,5,12,12,4,4
18185216,18185241,5,8,8,7,1
18185242,18185267,5,12,13,6,5
18185268,18185293,5,14,12,7,5
18185294,18185319,5,10,9,5,5
18185320,18185345,5,2,2,2,0
18185346,18185371,5,3,3,0,3
18185372,18185397,5,10,9,4,5
18185398,18185423,5,21,22,9,7
18185424,18185449,5,8,9,2,3
18185450,18185475,5,10,12,2,5
18185476,18185501,5,14,18,5,4
18185502,18185527,5,17,14,6,8
18185528,18185553,5,12,16,2,4
18185554,18185579,5,14,17,4,4
18185580,18185605,5,6,8,1,3
18185606,18185631,5,19,18,11,5
18185632,18185657,5,18,23,8,3
18185658,18185683,5,9,12,3,3
18185684,18185709,5,22,27,5,7
18185710,18185735,5,17,17,4,5
18185736,18185761,5,15,16,5,6
18185762,18185787,5,7,6,4,0
18185788,18185813,5,11,11,3,4
18185814,18185839,5,9,9,6,3
18185840,18185865,5,5,6,2,2
18185866,18185891,5,7,7,3,3
18185892,18185917,5,8,9,2,3
18185918,18185943,5,3,4,1,0
18185944,18185969,5,2,3,0,1
18185970,18185995,5,9,12,1,4
18185996,18186021,5,10,10,3,6
18186022,18186047,5,7,8,2,4
18186048,18186073,5,15,13,7,3
18186074,18186099,5,12,12,6,3
18186100,18186125,5,6,8,2,2
18186126,18186151,5,2,2,2,0
18186152,18186177,5,5,4,1,4
18186178,18186203,5,5,4,4,1
18186204,18186229,5,10,10,4,5
18186230,18186255,5,0,0,0,0
18186256,18186281,5,2,2,1,1
18186282,18186307,5,2,2,1,1
18186308,18186333,5,3,5,0,1
18186334,18186359,5,2,2,0,2
18186360,18186385,5,5,6,1,3
18186386,18186411,5,8,8,7,1
18186412,18186437,5,28,21,12,8
18186438,18186463,5,39,31,18,11
18186464,18186489,5,12,11,8,2
18186490,18186515,5,16,18,9,2
18186516,18186541,5,10,12,4,4
18186542,18186567,5,9,10,4,1
18186568,18186593,5,10,14,2,2
18186594,18186619,5,13,14,8,2
18186620,18186645,5,29,30,13,9
18186646,18186671,5,15,18,7,5
18186672,18186697,5,14,17,4,4
18186698,18186723,5,5,4,2,2
18186724,18186749,5,22,21,10,11
18186750,18186775,5,13,13,4,6
18186776,18186801,5,13,13,6,4
18186802,18186827,5,12,17,5,2
18186828,18186853,5,6,6,2,3
18186854,18186879,5,2,2,1,1
18186880,18186905,5,4,4,3,1
18186906,18186931,5,4,6,0,0
18186932,18186957,5,7,7,3,2
18186958,18186983,5,6,6,3,0
18186984,18187009,5,12,14,5,3
18187010,18187035,5,13,11,7,5
18187036,18187061,5,7,7,3,3
18187062,18187087,5,0,0,0,0
18187088,18187113,5,5,6,1,3
18187114,18187139,5,9,11,3,3
18187140,18187165,5,6,7,3,1
18187166,18187191,5,4,5,1,2
18187192,18187217,5,14,16,2,8
18187218,18187243,5,20,21,9,6
18187244,18187269,5,12,14,5,4
18187270,18187295,5,14,13,5,3
18187296,18187321,5,7,9,2,3
18187322,18187347,5,10,12,4,3
18187348,18187373,5,4,5,2,1
18187374,18187399,5,16,15,6,6
18187400,18187425,5,12,13,5,3
18187426,18187451,5,4,4,2,2
18187452,18187477,5,16,8,8,5
18187478,18187503,5,9,11,3,4
18187504,18187529,5,8,8,4,3
18187530,18187555,5,16,17,6,6
18187556,18187581,5,26,27,11,6
18187582,18187607,5,14,18,5,2
18187608,18187633,5,3,4,1,1
18187634,18187659,5,17,15,8,4
18187660,18187685,5,9,10,5,2
18187686,18187711,5,29,26,13,6
18187712,18187737,5,13,12,6,2
18187738,18187763,5,31,32,10,10
18187764,18187789,5,24,23,8,10
18187790,18187815,5,1,1,0,1
18187816,18187841,5,7,7,5,2
18187842,18187867,5,12,12,5,5
18187868,18187893,5,17,9,6,7
18187894,18187919,5,17,18,6,4
18187920,18187945,5,4,6,1,1
18187946,18187971,5,5,8,1,1
18187972,18187997,5,6,7,1,3
18187998,18188023,5,4,5,1,2
18188024,18188049,5,4,4,3,1
18188050,18188075,5,6,7,3,1
18188076,18188101,5,15,15,5,1
18188102,18188127,5,11,16,3,1
18188128,18188153,5,11,11,5,3
18188154,18188179,5,11,17,1,2
18188180,18188205,5,3,4,0,2
18188206,18188231,5,8,7,2,4
18188232,18188257,5,18,16,3,9
18188258,18188283,5,13,12,5,5
18188284,18188309,5,5,5,3,1
18188310,18188335,5,7,7,2,4
18188336,18188361,5,13,14,3,3
18188362,18188387,5,17,18,8,4
18188388,18188413,5,15,17,6,2
18188414,18188439,5,5,5,3,2
18188440,18188465,5,3,4,0,2
18188466,18188491,5,8,9,2,3
18188492,18188517,5,11,9,7,3
18188518,18188543,5,4,5,2,1
18188544,18188569,5,4,4,1,3
18188570,18188595,5,18,21,2,4
18188596,18188621,5,4,5,1,2
18188622,18188647,5,3,5,1,0
18188648,18188673,5,15,13,4,7
18188674,18188699,5,7,8,3,2
18188700,18188725,5,6,8,2,2
18188726,18188751,5,6,7,1,4
18188752,18188777,5,6,7,3,2
18188778,18188803,5,6,6,3,3
18188804,18188829,5,2,2,0,2
18188830,18188855,5,0,0,0,0
18188856,18188881,5,6,7,3,1
18188882,18188907,5,1,1,0,1
18188908,18188933,5,3,3,3,0
18188934,18188959,5,10,8,2,2
18188960,18188985,5,3,3,2,1
18188986,18189011,5,9,7,2,4
18189012,18189037,5,2,2,0,2
18189038,18189063,5,5,5,0,4
18189064,18189089,5,6,7,0,5
18189090,18189115,5,9,8,0,4
18189116,18189141,5,6,6,1,2
18189142,18189167,5,19,17,4,7
18189168,18189193,5,13,14,6,3
18189194,18189219,5,2,3,0,1
18189220,18189245,5,6,6,2,2
18189246,18189271,5,8,7,5,3
18189272,18189297,5,1,2,0,0
18189298,18189323,5,3,3,1,0
18189324,18189349,5,0,0,0,0
18189350,18189375,5,14,13,6,2
18189376,18189401,5,5,5,3,2
18189402,18189427,5,8,9,4,2
18189428,18189453,5,5,6,2,1
18189454,18189479,5,5,5,3,2
18189480,18189505,5,3,4,1,1
18189506,18189531,5,8,10,3,2
18189532,18189557,5,12,16,3,4
18189558,18189583,5,6,4,0,4
18189584,18189609,5,2,3,1,0
18189610,18189635,5,1,1,0,1
18189636,18189661,5,5,4,2,3
18189662,18189687,5,9,10,4,3
18189688,18189713,5,3,4,0,2
18189714,18189739,5,6,8,3,1
18189740,18189765,5,2,2,0,2
18189766,18189791,5,3,4,2,0
18189792,18189817,5,10,9,4,2
18189818,18189843,5,6,7,4,1
18189844,18189869,5,12,9,3,4
18189870,18189895,5,7,5,2,3
18189896,18189921,5,0,0,0,0
18189922,18189947,5,12,13,4,4
18189948,18189973,5,18,21,5,4
18189974,18189999,5,5,5,2,1
18190000,18190025,5,9,8,5,3
18190026,18190051,5,7,7,2,2
18190052,18190077,5,15,16,6,4
18190078,18190103,5,7,9,2,3
18190104,18190129,5,15,13,6,2
18190130,18190155,5,7,9,2,2
18190156,18190181,5,6,6,2,3
18190182,18190207,5,9,9,6,1
18190208,18190233,5,5,5,4,1
18190234,18190259,5,7,8,3,2
18190260,18190285,5,9,11,5,1
18190286,18190311,5,3,4,1,1
18190312,18190337,5,9,11,5,2
18190338,18190363,5,14,13,4,4
18190364,18190389,5,13,14,7,5
18190390,18190415,5,4,4,2,1
18190416,18190441,5,6,7,3,1
18190442,18190467,5,12,13,7,2
18190468,18190493,5,7,8,3,3
18190494,18190519,5,15,12,6,4
18190520,18190545,5,19,20,8,3
18190546,18190571,5,7,8,1,3
18190572,18190597,5,7,9,5,0
18190598,18190623,5,7,8,1,4
18190624,18190649,5,5,5,4,0
18190650,18190675,5,5,5,4,1
18190676,18190701,5,6,7,1,3
18190702,18190727,5,15,15,4,6
18190728,18190753,5,15,14,6,5
18190754,18190779,5,1,1,0,1
18190780,18190805,5,2,3,0,1
18190806,18190831,5,3,3,1,1
18190832,18190857,5,2,2,1,1
18190858,18190883,5,8,9,3,3
18190884,18190909,5,9,12,2,3
18190910,18190935,5,1,2,0,0
18190936,18190961,5,9,10,1,3
18190962,18190987,5,2,3,0,0
18190988,18191013,5,3,4,1,1
18191014,18191039,5,14,11,4,3
18191040,18191065,5,3,4,2,0
18191066,18191091,5,0,0,0,0
18191092,18191117,5,3,3,1,1
18191118,18191143,5,1,1,1,0
18191144,18191169,5,7,7,3,0
18191170,18191195,5,6,6,3,1
18191196,18191221,5,1,1,1,0
18191222,18191247,5,12,13,7,3
18191248,18191273,5,29,18,8,9
18191274,18191299,5,4,6,1,1
18191300,18191325,5,7,9,2,1
18191326,18191351,5,8,7,4,2
18191352,18191377,5,8,9,2,3
18191378,18191403,5,5,5,2,2
18191404,18191429,5,10,12,3,3
18191430,18191455,5,3,3,1,1
18191456,18191481,5,5,7,1,2
18191482,18191507,5,0,0,0,0
18191508,18191533,5,6,8,2,2
18191534,18191559,5,14,9,5,5
18191560,18191585,5,5,8,2,0
18191586,18191611,5,5,6,2,2
18191612,18191637,5,1,2,0,0
18191638,18191663,5,2,2,2,0
18191664,18191689,5,3,3,2,1
18191690,18191715,5,6,6,3,3
18191716,18191741,5,3,4,1,1
18191742,18191767,5,12,13,4,5
18191768,18191793,5,35,28,10,8
18191794,18191819,5,6,7,2,1
18191820,18191845,5,16,17,8,4
18191846,18191871,5,9,7,4,2
18191872,18191897,5,5,6,3,1
18191898,18191923,5,7,10,2,2
18191924,18191949,5,5,8,2,0
18191950,18191975,5,2,2,0,2
18191976,18192001,5,7,7,5,1
18192002,18192027,5,16,20,5,5
18192028,18192053,5,7,9,2,2
18192054,18192079,5,7,10,1,2
18192080,18192105,5,6,10,1,0
18192106,18192131,5,8,9,1,2
18192132,18192157,5,13,12,5,5
18192158,18192183,5,15,17,6,5
18192184,18192209,5,15,13,5,7
18192210,18192235,5,3,5,0,1
18192236,18192261,5,22,18,6,6
18192262,18192287,5,22,22,5,6
18192288,18192313,5,32,26,16,9
18192314,18192339,5,19,22,7,2
18192340,18192365,5,8,10,3,2
18192366,18192391,5,8,8,3,3
18192392,18192417,5,8,8,3,2
18192418,18192443,5,1,1,1,0
18192444,18192469,5,9,12,3,2
18192470,18192495,5,4,5,0,3
18192496,18192521,5,3,4,1,1
18192522,18192547,5,10,10,3,5
18192548,18192573,5,4,4,1,2
18192574,18192599,5,6,5,2,3
18192600,18192625,5,1,1,1,0
18192626,18192651,5,4,5,1,1
18192652,18192677,5,14,14,7,5
18192678,18192703,5,3,3,2,1
18192704,18192729,5,3,5,1,0
18192730,18192755,5,3,5,0,1
18192756,18192781,5,5,5,1,4
18192782,18192807,5,6,7,1,3
18192808,18192833,5,5,7,1,1
18192834,18192859,5,4,5,2,1
18192860,18192885,5,5,6,2,2
18192886,18192911,5,0,0,0,0
18192912,18192937,5,5,6,2,2
18192938,18192963,5,4,5,1,2
18192964,18192989,5,5,5,3,1
18192990,18193015,5,12,5,0,10
18193016,18193041,5,2,2,0,2
18193042,18193067,5,5,7,0,1
18193068,18193093,5,12,12,6,4
18193094,18193119,5,11,14,3,2
18193120,18193145,5,3,4,0,2
18193146,18193171,5,2,3,0,0
18193172,18193197,5,6,6,3,2
18193198,18193223,5,1,2,0,0
18193224,18193249,5,0,0,0,0
18193250,18193275,5,8,10,4,1
18193276,18193301,5,14,13,3,2
18193302,18193327,5,7,8,4,1
18193328,18193353,5,15,19,4,4
18193354,18193379,5,1,1,0,1
18193380,18193405,5,2,2,1,1
18193406,18193431,5,1,1,1,0
18193432,18193457,5,5,6,2,2
18193458,18193483,5,15,14,5,4
18193484,18193509,5,5,8,1,1
18193510,18193535,5,8,7,2,4
18193536,18193561,5,7,7,4,2
18193562,18193587,5,8,6,5,2
18193588,18193613,5,6,8,1,3
18193614,18193639,5,8,10,4,2
18193640,18193665,5,4,4,2,1
18193666,18193691,5,6,5,2,1
18193692,18193717,5,7,7,4,3
18193718,18193743,5,7,6,3,3
18193744,18193769,5,11,12,3,3
18193770,18193795,5,16,13,6,6
18193796,18193821,5,2,3,0,1
18193822,18193847,5,3,3,2,1
18193848,18193873,5,15,16,6,1
18193874,18193899,5,5,6,2,1
18193900,18193925,5,5,4,2,3
18193926,18193951,5,18,16,5,8
18193952,18193977,5,11,9,4,3
18193978,18194003,5,5,5,2,2
18194004,18194029,5,24,25,9,8
18194030,18194055,5,35,24,15,9
18194056,18194081,5,33,35,13,9
18194082,18194107,5,14,18,4,6
18194108,18194133,5,20,18,6,8
18194134,18194159,5,11,7,3,3
18194160,18194185,5,15,13,6,4
18194186,18194211,5,6,7,4,1
18194212,18194237,5,31,27,14,12
18194238,18194263,5,9,10,2,2
18194264,18194289,5,12,12,5,3
18194290,18194315,5,9,11,2,5
18194316,18194341,5,1,1,1,0
18194342,18194367,5,6,9,2,1
18194368,18194393,5,2,3,1,0
18194394,18194419,5,23,16,9,8
18194420,18194445,5,12,6,6,3
18194446,18194471,5,6,6,3,3
18194472,18194497,5,3,4,1,1
18194498,18194523,5,10,10,5,3
18194524,18194549,5,10,10,5,2
18194550,18194575,5,9,10,3,3
18194576,18194601,5,11,13,5,1
18194602,18194627,5,12,14,3,4
18194628,18194653,5,12,12,6,3
18194654,18194679,5,15,15,7,6
18194680,18194705,5,9,10,3,4
18194706,18194731,5,18,9,6,4
18194732,18194757,5,11,14,3,2
18194758,18194783,5,20,20,9,5
18194784,18194809,5,15,19,6,2
18194810,18194835,5,13,15,6,2
18194836,18194861,5,10,13,2,1
18194862,18194887,5,9,7,1,4
18194888,18194913,5,13,15,3,3
18194914,18194939,5,10,10,3,3
18194940,18194965,5,29,26,12,7
18194966,18194991,5,20,17,5,10
18194992,18195017,5,18,18,7,4
18195018,18195043,5,17,17,5,8
18195044,18195069,5,5,7,1,2
18195070,18195095,5,7,9,4,1
18195096,18195121,5,9,11,3,2
18195122,18195147,5,4,3,0,4
18195148,18195173,5,18,15,5,8
18195174,18195199,5,9,9,3,5
18195200,18195225,5,14,15,6,3
18195226,18195251,5,3,4,1,1
18195252,18195277,5,8,12,1,1
18195278,18195303,5,9,10,2,3
18195304,18195329,5,19,18,8,7
18195330,18195355,5,4,5,0,3
18195356,18195381,5,5,6,4,0
18195382,18195407,5,3,3,2,1
18195408,18195433,5,1,1,0,1
18195434,18195459,5,14,13,5,4
18195460,18195485,5,5,5,2,2
18195486,18195511,5,2,2,0,2
18195512,18195537,5,3,3,2,1
18195538,18195563,5,2,2,2,0
18195564,18195589,5,3,3,1,2
18195590,18195615,5,2,2,1,1
18195616,18195641,5,4,5,2,1
18195642,18195667,5,3,5,0,1
18195668,18195693,5,6,7,3,1
18195694,18195719,5,0,0,0,0
18195720,18195745,5,4,5,0,3
18195746,18195771,5,5,5,0,2
18195772,18195797,5,9,12,2,4
18195798,18195823,5,8,10,2,3
18195824,18195849,5,21,19,9,6
18195850,18195875,5,8,8,3,1
18195876,18195901,5,7,10,3,1
18195902,18195927,5,15,14,7,4
18195928,18195953,5,0,0,0,0
18195954,18195979,5,5,6,2,2
18195980,18196005,5,1,2,0,0
18196006,18196031,5,5,6,1,3
18196032,18196057,5,16,17,4,5
18196058,18196083,5,2,2,0,1
18196084,18196109,5,1,1,1,0
18196110,18196135,5,8,8,6,1
18196136,18196161,5,7,9,2,1
18196162,18196187,5,8,9,5,1
18196188,18196213,5,6,5,1,3
18196214,18196239,5,0,0,0,0
18196240,18196265,5,3,4,1,1
18196266,18196291,5,5,3,2,1
18196292,18196317,5,2,3,1,0
18196318,18196343,5,7,7,1,4
18196344,18196369,5,4,5,2,1
18196370,18196395,5,4,4,2,1
18196396,18196421,5,2,4,0,0
18196422,18196447,5,1,1,0,1
18196448,18196473,5,8,10,4,1
18196474,18196499,5,9,10,3,3
18196500,18196525,5,17,14,7,3
18196526,18196551,5,0,0,0,0
18196552,18196577,5,2,3,1,0
18196578,18196603,5,9,8,3,3
18196604,18196629,5,7,5,0,2
18196630,18196655,5,1,1,0,1
18196656,18196681,5,2,2,1,1
18196682,18196707,5,4,4,2,1
18196708,18196733,5,3,3,3,0
18196734,18196759,5,11,9,2,2
18196760,18196785,5,13,15,4,3
18196786,18196811,5,7,7,5,2
18196812,18196837,5,6,8,3,1
18196838,18196863,5,4,3,2,2
18196864,18196889,5,9,11,3,2
18196890,18196915,5,11,13,5,2
18196916,18196941,5,2,2,1,1
18196942,18196967,5,5,5,0,1
18196968,18196993,5,2,3,0,1
18196994,18197019,5,3,4,1,1
18197020,18197045,5,7,7,4,2
18197046,18197071,5,1,1,0,1
18197072,18197097,5,6,9,2,0
18197098,18197123,5,5,6,3,1
18197124,18197149,5,14,14,6,4
18197150,18197175,5,12,13,6,4
18197176,18197201,5,5,5,5,0
18197202,18197227,5,12,12,4,5
18197228,18197253,5,9,11,5,2
18197254,18197279,5,4,5,1,2
18197280,18197305,5,5,5,3,2
18197306,18197331,5,1,1,1,0
18197332,18197357,5,3,4,2,0
18197358,18197383,5,13,15,6,5
18197384,18197409,5,11,13,3,6
18197410,18197435,5,1,1,0,1
18197436,18197461,5,12,15,3,4
18197462,18197487,5,17,20,6,5
18197488,18197513,5,3,4,1,1
18197514,18197539,5,10,12,6,2
18197540,18197565,5,1,1,1,0
18197566,18197591,5,3,4,2,0
18197592,18197617,5,0,0,0,0
18197618,18197643,5,2,3,0,1
18197644,18197669,5,5,6,1,3
18197670,18197695,5,3,4,1,1
18197696,18197721,5,9,10,0,3
18197722,18197747,5,5,5,1,4
18197748,18197773,5,4,4,2,2
18197774,18197799,5,6,8,1,3
18197800,18197825,5,10,13,4,2
18197826,18197851,5,4,5,1,1
18197852,18197877,5,9,12,2,1
18197878,18197903,5,6,6,4,1
18197904,18197929,5,8,12,0,1
18197930,18197955,5,12,16,5,2
18197956,18197981,5,13,17,3,3
18197982,18198007,5,7,8,2,1
18198008,18198033,5,18,16,7,2
18198034,18198059,5,1,1,0,1
18198060,18198085,5,2,3,1,0
18198086,18198111,5,8,10,5,1
18198112,18198137,5,8,10,4,2
18198138,18198163,5,42,27,13,24
18198164,18198189,5,29,29,7,14
18198190,18198215,5,12,12,6,5
18198216,18198241,5,36,20,16,12
18198242,18198267,5,38,28,11,18
18198268,18198293,5,23,22,8,6
18198294,18198319,5,18,19,9,6
18198320,18198345,5,16,15,5,7
18198346,18198371,5,25,28,10,6
18198372,18198397,5,28,23,12,9
18198398,18198423,5,21,26,2,8
18198424,18198449,5,10,12,2,1
18198450,18198475,5,5,5,3,2
18198476,18198501,5,19,22,11,4
18198502,18198527,5,11,13,4,2
18198528,18198553,5,20,17,12,6
18198554,18198579,5,36,37,15,12
18198580,18198605,5,28,28,9,8
18198606,18198631,5,22,21,2,6
18198632,18198657,5,13,13,8,5
18198658,18198683,5,24,23,11,3
18198684,18198709,5,22,23,9,8
18198710,18198735,5,13,16,2,8
18198736,18198761,5,14,18,5,4
18198762,18198787,5,15,19,3,6
18198788,18198813,5,4,5,1,2
18198814,18198839,5,8,10,2,2
18198840,18198865,5,7,9,2,3
18198866,18198891,5,12,15,4,2
18198892,18198917,5,10,11,4,4
18198918,18198943,5,20,16,7,7
18198944,18198969,5,28,21,9,12
18198970,18198995,5,15,15,7,3
18198996,18199021,5,7,9,0,3
18199022,18199047,5,14,15,5,1
18199048,18199073,5,9,9,1,5
18199074,18199099,5,7,10,2,1
18199100,18199125,5,4,5,3,0
18199126,18199151,5,6,7,2,3
18199152,18199177,5,11,11,5,3
18199178,18199203,5,8,8,3,5
18199204,18199229,5,4,4,3,1
18199230,18199255,5,3,4,0,2
18199256,18199281,5,8,10,4,0
18199282,18199307,5,3,3,3,0
18199308,18199333,5,12,15,4,4
18199334,18199359,5,7,8,4,0
18199360,18199385,5,13,13,5,5
18199386,18199411,5,6,8,1,2
18199412,18199437,5,8,11,3,1
18199438,18199463,5,15,14,3,2
18199464,18199489,5,11,12,5,3
18199490,18199515,5,22,23,10,6
18199516,18199541,5,11,12,4,4
18199542,18199567,5,5,7,3,0
18199568,18199593,5,12,15,3,5
18199594,18199619,5,12,16,2,4
18199620,18199645,5,11,15,1,4
18199646,18199671,5,3,4,1,1
18199672,18199697,5,5,5,3,1
18199698,18199723,5,19,22,8,6
18199724,18199749,5,10,14,2,2
18199750,18199775,5,13,13,9,2
18199776,18199801,5,6,8,3,1
18199802,18199827,5,12,12,5,5
18199828,18199853,5,21,21,6,2
18199854,18199879,5,10,12,3,0
18199880,18199905,5,10,13,4,2
18199906,18199931,5,5,5,2,3
18199932,18199957,5,5,6,1,2
18199958,18199983,5,7,9,0,4
18199984,18200009,5,9,13,4,0
18200010,18200035,5,9,9,3,3
18200036,18200061,5,5,8,1,0
18200062,18200087,5,8,11,1,3
18200088,18200113,5,5,7,0,3
18200114,18200139,5,1,2,0,0
18200140,18200165,5,7,9,2,3
18200166,18200191,5,1,1,0,1
18200192,18200217,5,4,4,1,3
18200218,18200243,5,12,14,3,4
18200244,18200269,5,1,2,0,0
18200270,18200295,5,6,7,1,3
18200296,18200321,5,5,7,2,1
18200322,18200347,5,8,5,2,1
18200348,18200373,5,5,5,2,3
18200374,18200399,5,15,12,5,7
18200400,18200425,5,12,14,5,5
18200426,18200451,5,5,7,3,0
18200452,18200477,5,5,6,2,2
18200478,18200503,5,3,3,0,3
18200504,18200529,5,11,14,3,5
18200530,18200555,5,10,10,6,3
18200556,18200581,5,8,7,3,3
18200582,18200607,5,13,15,5,3
18200608,18200633,5,11,12,3,6
18200634,18200659,5,11,10,2,6
18200660,18200685,5,9,10,5,2
18200686,18200711,5,15,15,7,6
18200712,18200737,5,9,11,4,1
18200738,18200763,5,10,8,4,2
18200764,18200789,5,16,17,6,4
18200790,18200815,5,7,8,5,0
18200816,18200841,5,3,5,1,0
18200842,18200867,5,7,8,1,4
18200868,18200893,5,4,5,1,2
18200894,18200919,5,8,10,5,1
18200920,18200945,5,2,3,0,0
18200946,18200971,5,3,5,1,0
18200972,18200997,5,9,9,4,2
18200998,18201023,5,31,20,8,10
18201024,18201049,5,37,32,10,13
18201050,18201075,5,28,30,11,10
18201076,18201101,5,12,15,5,4
18201102,18201127,5,16,19,1,7
18201128,18201153,5,13,14,3,4
18201154,18201179,5,14,15,6,5
18201180,18201205,5,6,6,4,2
18201206,18201231,5,4,4,1,3
18201232,18201257,5,1,1,0,1
18201258,18201283,5,7,11,0,2
18201284,18201309,5,9,12,3,2
18201310,18201335,5,6,6,2,4
18201336,18201361,5,8,9,4,3
18201362,18201387,5,20,20,8,6
18201388,18201413,5,2,3,0,1
18201414,18201439,5,2,2,0,2
18201440,18201465,5,7,8,4,1
18201466,18201491,5,5,5,4,1
18201492,18201517,5,6,7,3,2
18201518,18201543,5,2,2,2,0
18201544,18201569,5,8,10,2,4
18201570,18201595,5,7,8,4,0
18201596,18201621,5,11,13,5,2
18201622,18201647,5,5,6,1,3
18201648,18201673,5,14,15,7,2
18201674,18201699,5,30,24,10,10
18201700,18201725,5,9,12,2,4
18201726,18201751,5,8,9,4,2
18201752,18201777,5,11,8,2,1
18201778,18201803,5,9,10,4,3
18201804,18201829,5,6,8,1,1
18201830,18201855,5,9,11,0,5
18201856,18201881,5,7,8,5,1
18201882,18201907,5,4,4,2,0
18201908,18201933,5,8,8,3,5
18201934,18201959,5,8,8,4,3
18201960,18201985,5,5,5,2,2
18201986,18202011,5,11,10,4,5
18202012,18202037,5,18,20,5,5
18202038,18202063,5,12,14,6,4
18202064,18202089,5,4,5,3,0
18202090,18202115,5,20,17,5,6
18202116,18202141,5,6,7,1,2
18202142,18202167,5,21,18,7,7
18202168,18202193,5,5,7,0,3
18202194,18202219,5,12,11,2,5
18202220,18202245,5,2,2,0,1
18202246,18202271,5,3,4,1,1
18202272,18202297,5,16,20,3,2
18202298,18202323,5,6,7,2,2
18202324,18202349,5,1,1,1,0
18202350,18202375,5,1,1,0,1
18202376,18202401,5,8,10,3,2
18202402,18202427,5,3,4,1,1
18202428,18202453,5,5,7,2,1
18202454,18202479,5,14,10,5,4
18202480,18202505,5,8,9,3,3
18202506,18202531,5,7,6,2,4
18202532,18202557,5,20,14,6,8
18202558,18202583,5,5,6,1,2
18202584,18202609,5,0,0,0,0
18202610,18202635,5,1,2,0,0
18202636,18202661,5,0,0,0,0
18202662,18202687,5,5,7,1,2
18202688,18202713,5,3,3,0,3
18202714,18202739,5,5,6,2,2
18202740,18202765,5,3,5,1,0
18202766,18202791,5,4,4,1,3
18202792,18202817,5,4,6,0,1
18202818,18202843,5,0,0,0,0
18202844,18202869,5,9,12,2,2
18202870,18202895,5,1,1,1,0
18202896,18202921,5,1,1,0,1
18202922,18202947,5,1,1,0,1
18202948,18202973,5,1,1,0,1
18202974,18202999,5,9,11,1,5
18203000,18203025,5,1,1,1,0
18203026,18203051,5,8,8,4,4
18203052,18203077,5,14,12,5,4
18203078,18203103,5,3,3,1,1
18203104,18203129,5,2,2,1,1
18203130,18203155,5,10,12,6,2
18203156,18203181,5,9,8,4,3
18203182,18203207,5,2,3,0,1
18203208,18203233,5,4,7,0,1
18203234,18203259,5,4,6,2,0
18203260,18203285,5,2,3,1,0
18203286,18203311,5,5,6,3,1
18203312,18203337,5,10,10,3,4
18203338,18203363,5,4,5,2,1
18203364,18203389,5,6,7,2,3
18203390,18203415,5,0,0,0,0
18203416,18203441,5,5,7,2,0
18203442,18203467,5,5,7,1,0
18203468,18203493,5,4,6,0,0
18203494,18203519,5,3,4,1,0
18203520,18203545,5,2,3,1,0
18203546,18203571,5,5,5,0,1
18203572,18203597,5,6,5,0,4
18203598,18203623,5,2,2,0,1
18203624,18203649,5,1,1,0,1
18203650,18203675,5,3,3,2,1
18203676,18203701,5,2,2,1,0
18203702,18203727,5,1,1,0,1
18203728,18203753,5,10,10,5,4
18203754,18203779,5,4,6,1,1
18203780,18203805,5,4,4,2,1
18203806,18203831,5,1,1,0,1
18203832,18203857,5,2,3,0,1
18203858,18203883,5,1,1,1,0
18203884,18203909,5,1,1,0,1
18203910,18203935,5,7,9,2,2
18203936,18203961,5,6,8,1,2
18203962,18203987,5,11,10,5,1
18203988,18204013,5,14,15,5,4
18204014,18204039,5,14,18,7,3
18204040,18204065,5,8,10,2,3
18204066,18204091,5,12,14,4,5
18204092,18204117,5,1,2,0,0
18204118,18204143,5,4,5,2,1
18204144,18204169,5,6,6,4,1
18204170,18204195,5,3,4,0,1
18204196,18204221,5,0,0,0,0
18204222,18204247,5,8,9,2,2
18204248,18204273,5,20,20,9,5
18204274,18204299,5,15,18,5,0
18204300,18204325,5,7,8,3,1
18204326,18204351,5,9,13,1,1
18204352,18204377,5,3,4,0,1
18204378,18204403,5,3,4,2,0
18204404,18204429,5,9,8,4,4
18204430,18204455,5,18,16,8,4
18204456,18204481,5,6,6,3,2
18204482,18204507,5,2,3,0,1
18204508,18204533,5,4,4,3,1
18204534,18204559,5,1,2,0,0
18204560,18204585,5,4,4,2,1
18204586,18204611,5,5,6,1,0
18204612,18204637,5,8,10,4,1
18204638,18204663,5,5,6,2,0
18204664,18204689,5,2,3,1,0
18204690,18204715,5,3,4,0,2
18204716,18204741,5,6,5,1,5
18204742,18204767,5,0,0,0,0
18204768,18204793,5,6,7,1,3
18204794,18204819,5,3,4,2,0
18204820,18204845,5,2,2,1,1
18204846,18204871,5,1,1,1,0
18204872,18204897,5,1,1,1,0
18204898,18204923,5,2,3,1,0
18204924,18204949,5,5,5,1,4
18204950,18204975,5,2,3,1,0
18204976,18205001,5,2,3,0,0
18205002,18205027,5,8,9,3,3
18205028,18205053,5,10,10,3,6
18205054,18205079,5,3,5,1,0
18205080,18205105,5,4,6,1,1
18205106,18205131,5,2,2,1,1
18205132,18205157,5,5,5,3,2
18205158,18205183,5,1,1,1,0
18205184,18205209,5,7,8,1,3
18205210,18205235,5,6,8,1,2
18205236,18205261,5,12,13,6,3
18205262,18205287,5,3,3,1,2
18205288,18205313,5,2,3,1,0
18205314,18205339,5,11,15,4,2
18205340,18205365,5,6,8,1,2
18205366,18205391,5,2,3,0,1
18205392,18205417,5,4,5,1,2
18205418,18205443,5,3,4,1,1
18205444,18205469,5,4,6,0,2
18205470,18205495,5,4,4,2,2
18205496,18205521,5,18,20,4,5
18205522,18205547,5,12,11,4,4
18205548,18205573,5,3,3,1,2
18205574,18205599,5,8,6,4,0
18205600,18205625,5,1,1,1,0
18205626,18205651,5,4,4,2,1
18205652,18205677,5,7,10,2,1
18205678,18205703,5,3,4,1,1
18205704,18205729,5,4,4,1,3
18205730,18205755,5,5,5,2,1
18205756,18205781,5,4,5,3,0
18205782,18205807,5,4,4,3,1
18205808,18205833,5,7,8,3,2
18205834,18205859,5,13,12,7,2
18205860,18205885,5,9,8,4,2
18205886,18205911,5,4,4,3,1
18205912,18205937,5,5,6,2,1
18205938,18205963,5,1,1,0,1
18205964,18205989,5,16,11,8,6
18205990,18206015,5,25,18,7,11
18206016,18206041,5,17,15,5,4
18206042,18206067,5,19,16,8,8
18206068,18206093,5,2,2,0,2
18206094,18206119,5,10,12,1,4
18206120,18206145,5,6,6,1,2
18206146,18206171,5,4,5,1,2
18206172,18206197,5,6,4,3,3
18206198,18206223,5,0,0,0,0
18206224,18206249,5,8,8,3,4
18206250,18206275,5,9,10,4,3
18206276,18206301,5,1,1,1,0
18206302,18206327,5,1,1,1,0
18206328,18206353,5,8,9,2,3
18206354,18206379,5,8,8,5,1
18206380,18206405,5,0,0,0,0
18206406,18206431,5,7,8,3,2
18206432,18206457,5,4,5,1,1
18206458,18206483,5,2,2,1,1
18206484,18206509,5,4,4,3,0
18206510,18206535,5,16,14,4,7
18206536,18206561,5,10,8,5,2
18206562,18206587,5,3,3,1,2
18206588,18206613,5,3,3,2,1
18206614,18206639,5,3,4,0,2
18206640,18206665,5,3,3,1,2
18206666,18206691,5,7,4,2,3
18206692,18206717,5,11,12,5,5
18206718,18206743,5,3,4,1,1
18206744,18206769,5,6,7,2,1
18206770,18206795,5,4,5,2,1
18206796,18206821,5,4,5,2,1
18206822,18206847,5,2,3,0,1
18206848,18206873,5,8,10,3,2
18206874,18206899,5,6,5,2,2
18206900,18206925,5,6,6,2,3
18206926,18206951,5,6,8,0,3
18206952,18206977,5,6,6,3,3
18206978,18207003,5,9,11,3,1
18207004,18207029,5,11,9,6,2
18207030,18207055,5,5,5,2,3
18207056,18207081,5,1,2,0,0
18207082,18207107,5,2,2,2,0
18207108,18207133,5,8,8,4,1
18207134,18207159,5,3,3,1,2
18207160,18207185,5,4,6,0,1
18207186,18207211,5,3,4,1,1
18207212,18207237,5,14,10,4,7
18207238,18207263,5,31,33,12,5
18207264,18207289,5,15,18,7,2
18207290,18207315,5,6,8,0,4
18207316,18207341,5,1,2,0,0
18207342,18207367,5,6,7,3,1
18207368,18207393,5,14,18,3,4
18207394,18207419,5,12,11,4,3
18207420,18207445,5,8,11,3,2
18207446,18207471,5,5,6,0,2
18207472,18207497,5,2,2,0,1
18207498,18207523,5,15,14,7,2
18207524,18207549,5,18,18,7,4
18207550,18207575,5,7,9,4,1
18207576,18207601,5,12,13,3,5
18207602,18207627,5,3,3,2,1
18207628,18207653,5,3,4,0,2
18207654,18207679,5,3,3,1,1
18207680,18207705,5,24,19,10,9
18207706,18207731,5,2,4,0,0
18207732,18207757,5,8,9,3,4
18207758,18207783,5,6,6,3,3
18207784,18207809,5,5,5,2,3
18207810,18207835,5,3,3,1,2
18207836,18207861,5,23,21,7,10
18207862,18207887,5,8,9,5,0
18207888,18207913,5,11,11,4,5
18207914,18207939,5,10,9,6,2
18207940,18207965,5,11,12,5,3
18207966,18207991,5,10,11,7,2
18207992,18208017,5,4,4,1,3
18208018,18208043,5,5,6,1,3
18208044,18208069,5,2,3,0,0
18208070,18208095,5,2,3,1,0
18208096,18208121,5,3,3,2,1
18208122,18208147,5,2,2,1,1
18208148,18208173,5,4,5,1,1
18208174,18208199,5,2,3,0,1
18208200,18208225,5,7,7,3,2
18208226,18208251,5,8,7,3,3
18208252,18208277,5,8,9,1,4
18208278,18208303,5,15,17,7,4
18208304,18208329,5,5,7,1,1
18208330,18208355,5,17,14,9,5
18208356,18208381,5,15,14,8,1
18208382,18208407,5,16,17,4,4
18208408,18208433,5,20,19,5,6
18208434,18208459,5,21,16,7,8
18208460,18208485,5,7,9,2,1
18208486,18208511,5,3,4,1,1
18208512,18208537,5,14,14,5,4
18208538,18208563,5,14,14,7,5
18208564,18208589,5,4,4,3,1
18208590,18208615,5,4,6,2,0
18208616,18208641,5,8,9,3,4
18208642,18208667,5,5,8,0,2
18208668,18208693,5,2,2,2,0
18208694,18208719,5,12,10,4,5
18208720,18208745,5,31,25,10,9
18208746,18208771,5,16,19,4,3
18208772,18208797,5,24,21,10,7
18208798,18208823,5,15,15,9,2
18208824,18208849,5,8,10,3,0
18208850,18208875,5,18,22,6,6
18208876,18208901,5,1,1,0,1
18208902,18208927,5,10,10,5,5
18208928,18208953,5,5,7,2,1
18208954,18208979,5,2,2,0,2
18208980,18209005,5,2,2,0,1
18209006,18209031,5,6,6,1,4
18209032,18209057,5,8,9,3,3
18209058,18209083,5,3,4,1,1
18209084,18209109,5,13,14,8,3
18209110,18209135,5,14,13,5,4
18209136,18209161,5,14,13,3,5
18209162,18209187,5,7,9,1,3
18209188,18209213,5,7,9,2,2
18209214,18209239,5,16,23,4,2
18209240,18209265,5,18,24,3,3
18209266,18209291,5,8,10,2,1
18209292,18209317,5,18,18,7,5
18209318,18209343,5,10,12,4,1
18209344,18209369,5,4,6,1,1
18209370,18209395,5,12,16,3,2
18209396,18209421,5,12,10,3,3
18209422,18209447,5,14,18,2,4
18209448,18209473,5,7,11,1,1
18209474,18209499,5,6,10,0,0
18209500,18209525,5,5,7,1,0
18209526,18209551,5,7,9,0,1
18209552,18209577,5,5,6,3,0
18209578,18209603,5,6,6,3,2
18209604,18209629,5,9,9,4,2
18209630,18209655,5,1,1,0,1
18209656,18209681,5,4,4,3,1
18209682,18209707,5,5,5,3,2
18209708,18209733,5,3,5,0,1
18209734,18209759,5,7,8,1,3
18209760,18209785,5,5,5,1,3
18209786,18209811,5,2,2,0,1
18209812,18209837,5,0,0,0,0
18209838,18209863,5,18,16,9,6
18209864,18209889,5,19,19,6,7
18209890,18209915,5,11,11,4,4
18209916,18209941,5,7,6,5,0
18209942,18209967,5,10,13,3,2
18209968,18209993,5,4,6,1,1
18209994,18210019,5,2,2,2,0
18210020,18210045,5,1,1,0,1
18210046,18210071,5,14,14,3,4
18210072,18210097,5,7,8,3,2
18210098,18210123,5,9,8,3,4
18210124,18210149,5,2,4,0,0
18210150,18210175,5,0,0,0,0
18210176,18210201,5,7,8,2,3
18210202,18210227,5,10,11,4,3
18210228,18210253,5,2,2,1,1
18210254,18210279,5,2,2,0,2
18210280,18210305,5,3,5,0,1
